{"episode_reward": [2.0], "nb_steps": [203], "mean_absolute_error": [0.014083363338916874], "loss": [0.002036502337858792], "mean_eps": [0.9999046000000001], "nb_episode_steps": [203], "duration": [17.979117155075073], "episode": [0], "mean_q": [0.0064565135611095075]}